question,answer
how to grow tomatoes,"To grow tomatoes, plant seeds in warm soil and provide 6-8 hours of sunlight daily."
what is crop rotation,Crop rotation is growing different crops in the same area in successive seasons to maintain soil fertility.
how to treat leaf spot,Remove infected leaves and apply fungicide. Avoid overhead watering.
what fertilizer is best for rice,Urea and DAP are commonly used fertilizers for rice. Use as per soil test.
best time to plant potatoes,The best time is early spring or when the soil reaches around 7°C to 13°C.
how to deal with pests in corn,"Use crop rotation, resistant varieties, and organic pesticides like neem."
how often should i water my crops,"Most crops need about 1 inch of water per week, adjust based on rainfall and soil."
what is organic farming,Organic farming avoids synthetic inputs and uses natural methods for fertilization and pest control.
how to make compost,Compost can be made by combining green waste (vegetable peels) and brown waste (dry leaves) and allowing it to decompose.
how to increase soil fertility,"Add compost, rotate crops, use green manure and avoid overuse of chemical fertilizers."
how to identify nitrogen deficiency in plants,"Look for pale or yellowing leaves, especially older ones."
what is the pH range for healthy soil,A healthy soil pH for most crops is between 6.0 and 7.5.
how to prevent weed growth,"Use mulch, hand weeding, and crop spacing to reduce weed competition."
what is drip irrigation,"Drip irrigation delivers water directly to plant roots, conserving water and reducing disease."
how to store harvested crops,"Store in a dry, cool place with proper ventilation to prevent spoilage."
best fertilizer for vegetables,Compost and balanced NPK fertilizers (like 10-10-10) work well for most vegetables.
how to control fungal diseases,"Use fungicides, remove infected parts, and avoid overhead watering."
what is the role of phosphorus in plants,Phosphorus helps in root development and flowering.
how to detect pests on leaves,"Look for bite marks, eggs, webbing, or sticky residue on leaves."
how to raise chickens organically,"Feed organic grains, provide open pasture, and avoid antibiotics."
how to grow sugarcane,Sugarcane grows best in tropical climates with ample water and sunlight.
how to plant groundnuts,Sow groundnuts in well-drained sandy soil at 4-5 cm depth with 15-20 cm spacing.
what is green manure,Green manure is crops like legumes grown and turned into the soil to increase organic matter.
what causes yellow leaves in plants,"Can be due to overwatering, poor drainage, nutrient deficiency or pests."
how to apply neem oil,Neeem oil can be sprayed every 7-14 days as a natural insecticide and fungicide.
how to protect crops from frost,Cover crops with mulch or cloth and water them before cold nights.
how to grow onions from seeds,"Start seeds indoors, then transplant outdoors when 4-6 inches tall."
how to improve drainage in clay soil,Add organic matter like compost and use raised beds.
how to detect aphid infestation,"Aphids are small soft-bodied insects, often found on the underside of leaves."
how to boost fruit yield in mango trees,"Use balanced fertilization, regular pruning, and pest control."
how to control mealybugs,Use insecticidal soap or neem oil and remove bugs manually if infestation is low.
what is vermicomposting,Vermicomposting uses earthworms to convert organic waste into nutrient-rich compost.
how to harvest wheat,"Harvest when the grains are hard and golden brown, usually with a combine harvester."
which crops are drought-resistant,"Millets, sorghum, and chickpeas are examples of drought-tolerant crops."
what is intercropping,Intercropping is growing two or more crops together to increase productivity and pest resistance.
how to use Epsom salt for plants,Mix 1 tbsp of Epsom salt per gallon of water and spray to treat magnesium deficiency.
how to manage fungal wilt,Use resistant varieties and ensure good soil drainage to prevent fungal growth.
how to prevent root rot,Ensure proper drainage and avoid overwatering to prevent root rot.
how to improve sandy soil,Add organic matter like compost and mulch to improve moisture retention.
what is companion planting,"Companion planting involves growing plants together that benefit each other, like tomatoes and basil."
how to grow cucumbers,"Cucumbers need full sun, consistent watering, and support like a trellis to grow well."
how to save seeds from crops,"Allow fruits to fully mature, then extract, dry, and store seeds in a cool, dry place."
how to grow spinach,"Spinach grows best in cool weather and moist, fertile soil rich in nitrogen."
how to reduce chemical pesticide use,Use integrated pest management (IPM) and organic alternatives like neem or garlic sprays.
how to grow ginger,"Plant ginger rhizomes in warm, moist, and shaded areas with well-drained soil."
what is mulching,Mulching involves covering the soil surface with organic or inorganic material to retain moisture and prevent weeds.
how to prevent fungal infections in soil,"Rotate crops, use clean tools, and solarize soil during off-season."
how to treat bacterial wilt,Remove infected plants and avoid planting susceptible crops in the same area for several years.
how to identify healthy compost,"Healthy compost is dark, crumbly, and smells earthy, without any foul odor."
how to dry herbs,"Hang herbs upside down in a warm, well-ventilated space until fully dry."
how to grow chili peppers,Chili peppers grow best in full sun with well-drained soil and regular watering.
thank you,it is my pleasure! Always there to help you
How do I improve clay soil?,"Clay soil is dense and often lacks good drainage, which can make it challenging to grow certain plants. To improve clay soil, the primary focus should be on enhancing its texture, drainage, and fertility. One of the most effective ways to improve clay soil is by adding organic matter, such as compost, well-rotted manure, or leaf mold. These materials help break down the tightly packed clay particles, improving soil structure and increasing its ability to retain moisture while also enhancing its nutrient content. Additionally, mulching with organic materials like straw, wood chips, or grass clippings helps regulate soil temperature and conserve moisture."
Best crops for summer planting?,"Summer is an ideal time to plant crops that thrive in warm temperatures and full sunlight. Many heat-loving plants flourish in the summer, making it the perfect season for them. Tomatoes are a classic summer crop, as they require long periods of sunshine to ripen. Peppers, both sweet and hot varieties, also do well in the summer heat, producing a bountiful harvest when planted in warm soil. Corn, a quintessential summer crop, grows best in hot weather and produces high yields when planted in full sun."
Organic pest control methods?,"Organic pest control methods are an excellent way to protect your garden from harmful insects while minimizing the use of synthetic chemicals. One highly effective organic pest control method is neem oil, which can be used to treat a variety of pests, including aphids, spider mites, and caterpillars. This natural oil works as an insect repellent and disrupts the feeding and reproductive patterns of pests. Another useful option is diatomaceous earth, a powder made from fossilized remains of marine organisms. It is harmless to humans and pets but deadly to insects with exoskeletons, such as ants, beetles, and slugs."
